{"cameraMode":{"drawMode":0,"name":"Shaded","section":"Shading Mode"},"sceneLighting":true,"audioPlay":false,"sceneViewState":{"showFog":true,"showMaterialUpdate":false,"showSkybox":true,"showFlares":true,"showImageEffects":true,"showParticleSystems":true},"in2DMode":false,"pivot":{"x":226.04998779296876,"y":241.83889770507813,"z":203.03334045410157},"rotation":{"x":0.10943862795829773,"y":-0.271047443151474,"z":0.031037824228405954,"w":0.955834686756134},"size":401.8412780761719,"orthographic":false}